Frame	Temps(s)	X(m)	Y(m)	Z(m)
1	1776692350.096	-0.7954	0.2227	2.6633
2	1776692350.316	-0.797	0.2241	2.6588
3	1776692350.366	-0.7967	0.2236	2.6606
4	1776692350.423	-0.7966	0.2247	2.6605
5	1776692350.475	-0.7963	0.2251	2.6603
6	1776692350.506	-0.7898	0.2233	2.6684
7	1776692350.564	-0.7849	0.222	2.6758
8	1776692350.601	-0.7988	0.2243	2.6591
9	1776692350.642	-0.7987	0.2255	2.6571
10	1776692350.68	-0.7988	0.226	2.6577
11	1776692350.696	-0.7961	0.2258	2.6607
12	1776692350.727	-0.7977	0.2259	2.6608
13	1776692350.766	-0.7979	0.225	2.66
14	1776692350.812	-0.7977	0.2251	2.6597
15	1776692350.842	-0.7981	0.2254	2.6593
16	1776692350.869	-0.7962	0.2246	2.6606
17	1776692350.885	-0.7989	0.2259	2.6561
18	1776692350.955	-0.7995	0.2261	2.6575
19	1776692350.98	-0.7916	0.2245	2.6677
20	1776692351.012	-0.7997	0.2253	2.6566
21	1776692351.043	-0.7965	0.2255	2.6602
22	1776692351.075	-0.797	0.2253	2.6601
23	1776692351.122	-0.7959	0.2249	2.6616
24	1776692351.154	-0.7957	0.2245	2.6611
25	1776692351.169	-0.7965	0.224	2.6617
26	1776692351.201	-0.7967	0.2242	2.6586
27	1776692351.232	-0.7974	0.2247	2.661
28	1776692351.264	-0.7979	0.2247	2.66
29	1776692351.28	-0.7967	0.2247	2.6622
30	1776692351.317	-0.795	0.2245	2.6629
31	1776692351.358	-0.7975	0.2248	2.6589
32	1776692351.39	-0.7967	0.2246	2.661
33	1776692351.406	-0.7974	0.2246	2.6591
34	1776692351.443	-0.7994	0.2247	2.656
35	1776692351.469	-0.7962	0.2249	2.6583
36	1776692351.495	-0.7963	0.2249	2.6595
37	1776692351.516	-0.796	0.2245	2.6609
38	1776692351.547	-0.7952	0.2251	2.6615
39	1776692351.579	-0.7992	0.2254	2.6555
40	1776692351.594	-0.7968	0.2254	2.659
41	1776692351.626	-0.7971	0.2248	2.6581
42	1776692351.657	-0.7962	0.2251	2.6592
43	1776692351.689	-0.7973	0.2245	2.6586
44	1776692351.704	-0.799	0.2256	2.6554
45	1776692351.736	-0.7968	0.2249	2.6591
46	1776692351.752	-0.7976	0.2247	2.6582
47	1776692351.783	-0.799	0.2253	2.6538
48	1776692351.798	-0.7964	0.2252	2.6577
49	1776692351.83	-0.796	0.2255	2.6595
50	1776692351.862	-0.7986	0.2257	2.6548
51	1776692351.893	-0.7985	0.2257	2.6566
52	1776692351.909	-0.7987	0.225	2.6568
53	1776692351.943	-0.7997	0.2249	2.6556
54	1776692351.956	-0.7984	0.2249	2.6567
55	1776692351.987	-0.7991	0.2254	2.6559
56	1776692352.019	-0.8007	0.2258	2.6531
57	1776692352.043	-0.7979	0.2253	2.6581
58	1776692352.066	-0.8004	0.2263	2.654
59	1776692352.098	-0.7962	0.2258	2.6574
60	1776692352.113	-0.7965	0.2257	2.6585
61	1776692352.145	-0.7969	0.2244	2.6597
62	1776692352.177	-0.798	0.2258	2.6575
63	1776692352.193	-0.7966	0.2255	2.6579
64	1776692352.228	-0.7963	0.2251	2.6573
65	1776692352.274	-0.797	0.2246	2.6586
66	1776692352.315	-0.796	0.2249	2.6604
67	1776692352.35	-0.7982	0.2248	2.6573
68	1776692352.39	-0.796	0.2248	2.6594
69	1776692352.434	-0.7979	0.2249	2.657
70	1776692352.477	-0.7972	0.2251	2.6584
71	1776692352.499	-0.7964	0.2251	2.6578
72	1776692352.547	-0.7975	0.2253	2.6558
73	1776692352.571	-0.7979	0.2245	2.6579
74	1776692352.603	-0.7987	0.2243	2.6589
75	1776692352.618	-0.7975	0.2242	2.6607
76	1776692352.649	-0.7988	0.2239	2.6584
77	1776692352.681	-0.7986	0.224	2.6573
78	1776692352.696	-0.8005	0.2242	2.6563
79	1776692352.728	-0.7997	0.2239	2.6556
80	1776692352.759	-0.8009	0.2225	2.6554
81	1776692352.806	-0.8011	0.2225	2.6549
82	1776692352.837	-0.8039	0.2227	2.6499
83	1776692352.853	-0.8021	0.2235	2.6488
84	1776692352.884	-0.8011	0.2238	2.6466
85	1776692352.916	-0.8037	0.225	2.6399
86	1776692352.944	-0.8009	0.2246	2.638
87	1776692352.963	-0.8045	0.2252	2.6299
88	1776692352.995	-0.802	0.2251	2.6292
89	1776692353.011	-0.8018	0.2254	2.6259
90	1776692353.044	-0.8049	0.2251	2.6206
91	1776692353.08	-0.8031	0.2243	2.6228
92	1776692353.121	-0.809	0.2253	2.6135
93	1776692353.144	-0.8111	0.2249	2.6165
94	1776692353.168	-0.8129	0.2248	2.617
95	1776692353.219	-0.8164	0.2243	2.6149
96	1776692353.263	-0.8199	0.2245	2.6106
97	1776692353.308	-0.8205	0.2242	2.6067
98	1776692353.326	-0.8238	0.2253	2.5992
99	1776692353.358	-0.8278	0.2254	2.5951
100	1776692353.373	-0.8281	0.2256	2.5917
101	1776692353.405	-0.8307	0.225	2.5896
102	1776692353.436	-0.8387	0.2257	2.5756
103	1776692353.452	-0.841	0.2255	2.5741
104	1776692353.483	-0.8421	0.2207	2.5701
105	1776692353.519	-0.8508	0.2247	2.5585
106	1776692353.547	-0.8502	0.2228	2.5559
107	1776692353.562	-0.8492	0.2225	2.5529
108	1776692353.594	-0.8497	0.2225	2.5486
109	1776692353.625	-0.8443	0.2204	2.5565
110	1776692353.645	-0.8493	0.2217	2.5493
111	1776692353.678	-0.8527	0.2227	2.54
112	1776692353.724	-0.8525	0.2231	2.5393
113	1776692353.752	-0.8499	0.2228	2.5409
114	1776692353.767	-0.8487	0.2222	2.5396
115	1776692353.799	-0.8605	0.2233	2.5224
116	1776692353.83	-0.8588	0.2217	2.5258
117	1776692353.852	-0.866	0.2225	2.5179
118	1776692353.894	-0.868	0.2227	2.512
119	1776692353.909	-0.869	0.2235	2.5073
120	1776692353.945	-0.8617	0.2209	2.5158
121	1776692353.972	-0.8769	0.2234	2.4922
122	1776692354.003	-0.8728	0.2236	2.489
123	1776692354.019	-0.8733	0.2239	2.4822
124	1776692354.05	-0.8738	0.2236	2.4773
125	1776692354.082	-0.8752	0.2231	2.4769
126	1776692354.098	-0.8798	0.224	2.4696
127	1776692354.129	-0.8803	0.2233	2.4696
128	1776692354.161	-0.8819	0.2228	2.4635
129	1776692354.199	-0.8805	0.2222	2.4619
130	1776692354.242	-0.8828	0.2226	2.4561
131	1776692354.285	-0.8864	0.2226	2.4586
132	1776692354.303	-0.8778	0.2206	2.4615
133	1776692354.352	-0.8814	0.2202	2.4558
134	1776692354.366	-0.8813	0.2207	2.453
135	1776692354.397	-0.8808	0.2206	2.4515
136	1776692354.428	-0.8838	0.2219	2.4409
137	1776692354.446	-0.8895	0.2223	2.4332
138	1776692354.481	-0.8875	0.2219	2.4328
139	1776692354.511	-0.8855	0.2207	2.4375
140	1776692354.546	-0.894	0.2216	2.4266
141	1776692354.57	-0.8885	0.2209	2.4254
142	1776692354.586	-0.8905	0.221	2.4191
143	1776692354.617	-0.892	0.2207	2.4185
144	1776692354.649	-0.8893	0.22	2.422
145	1776692354.681	-0.8938	0.2201	2.4141
146	1776692354.713	-0.895	0.2202	2.4112
147	1776692354.728	-0.8903	0.2195	2.4044
148	1776692354.76	-0.896	0.2205	2.3938
149	1776692354.791	-0.8918	0.2183	2.3912
150	1776692354.807	-0.8981	0.2195	2.3836
151	1776692354.839	-0.8967	0.2194	2.377
152	1776692354.87	-0.8989	0.2192	2.3738
153	1776692354.886	-0.8979	0.2181	2.3732
154	1776692354.918	-0.897	0.2179	2.3701
155	1776692354.933	-0.8987	0.2183	2.365
156	1776692354.965	-0.9001	0.218	2.3579
157	1776692354.996	-0.9044	0.2196	2.3501
158	1776692355.028	-0.9062	0.2197	2.3446
159	1776692355.057	-0.9069	0.2199	2.3283
160	1776692355.08	-0.9031	0.2192	2.33
161	1776692355.106	-0.9054	0.2193	2.3237
162	1776692355.135	-0.9061	0.219	2.3173
163	1776692355.153	-0.9068	0.2205	2.3014
164	1776692355.185	-0.9061	0.2193	2.303
165	1776692355.201	-0.9094	0.2196	2.294
166	1776692355.232	-0.9054	0.2203	2.2841
167	1776692355.264	-0.9007	0.2195	2.2872
168	1776692355.288	-0.8974	0.2191	2.2823
169	1776692355.304	-0.903	0.2196	2.2761
170	1776692355.34	-0.9077	0.2211	2.2622
171	1776692355.369	-0.9076	0.2217	2.2552
172	1776692355.413	-0.9033	0.2211	2.248
173	1776692355.43	-0.8998	0.2214	2.2392
174	1776692355.462	-0.901	0.2231	2.228
175	1776692355.495	-0.897	0.2231	2.2204
176	1776692355.525	-0.8954	0.2237	2.2085
177	1776692355.547	-0.8932	0.2228	2.2004
178	1776692355.572	-0.8926	0.2231	2.1903
179	1776692355.588	-0.8897	0.2229	2.1839
180	1776692355.619	-0.8873	0.2224	2.1777
181	1776692355.653	-0.8852	0.2234	2.1673
182	1776692355.684	-0.8869	0.2231	2.1589
183	1776692355.698	-0.8865	0.2221	2.1505
184	1776692355.729	-0.8881	0.2225	2.1356
185	1776692355.761	-0.8812	0.221	2.1315
186	1776692355.776	-0.8772	0.2205	2.1254
187	1776692355.808	-0.8705	0.2203	2.122
188	1776692355.824	-0.8785	0.2231	2.1062
189	1776692355.856	-0.8803	0.2237	2.0942
190	1776692355.886	-0.8841	0.2251	2.085
191	1776692355.902	-0.8789	0.2245	2.0786
192	1776692355.933	-0.8744	0.224	2.0738
193	1776692355.965	-0.8747	0.2227	2.0611
194	1776692355.981	-0.8692	0.2235	2.0537
195	1776692356.012	-0.8775	0.224	2.041
196	1776692356.028	-0.8773	0.2236	2.0348
197	1776692356.059	-0.8671	0.2226	2.0319
198	1776692356.091	-0.8664	0.2218	2.0186
199	1776692356.106	-0.8645	0.2223	2.0093
200	1776692356.138	-0.863	0.222	2.0035
201	1776692356.153	-0.8596	0.2226	1.9984
202	1776692356.201	-0.8558	0.2225	1.993
203	1776692356.217	-0.8544	0.222	1.9844
204	1776692356.249	-0.8539	0.2225	1.9732
205	1776692356.288	-0.8513	0.2231	1.9689
206	1776692356.311	-0.848	0.2235	1.9631
207	1776692356.343	-0.8497	0.2225	1.956
208	1776692356.359	-0.84	0.2205	1.9525
209	1776692356.39	-0.8428	0.22	1.946
210	1776692356.426	-0.8385	0.2191	1.9316
211	1776692356.453	-0.8422	0.2203	1.9227
212	1776692356.488	-0.8372	0.221	1.9166
213	1776692356.518	-0.8324	0.2196	1.911
214	1776692356.531	-0.8307	0.2189	1.9047
215	1776692356.563	-0.8313	0.2196	1.8929
216	1776692356.594	-0.8241	0.2187	1.8899
217	1776692356.61	-0.8257	0.2187	1.8814
218	1776692356.641	-0.8238	0.2192	1.8717
219	1776692356.657	-0.8192	0.2192	1.8616
220	1776692356.688	-0.815	0.2197	1.8514
221	1776692356.72	-0.8159	0.2205	1.8489
222	1776692356.769	-0.8131	0.2198	1.8423
223	1776692356.801	-0.8143	0.2211	1.8286
224	1776692356.83	-0.8055	0.2188	1.8264
225	1776692356.85	-0.8063	0.2188	1.8199
226	1776692356.877	-0.8115	0.2192	1.8065
227	1776692356.893	-0.8085	0.219	1.8011
228	1776692356.924	-0.8014	0.2188	1.7962
229	1776692356.956	-0.7999	0.22	1.782
230	1776692356.971	-0.7973	0.2198	1.7776
231	1776692357.003	-0.7912	0.2191	1.7682
232	1776692357.019	-0.7961	0.219	1.7594
233	1776692357.05	-0.7887	0.2183	1.7539
234	1776692357.081	-0.792	0.2193	1.7473
235	1776692357.097	-0.7898	0.2186	1.7396
236	1776692357.129	-0.7845	0.218	1.7313
237	1776692357.161	-0.7809	0.2166	1.7216
238	1776692357.176	-0.7775	0.2176	1.7165
239	1776692357.208	-0.7737	0.218	1.7127
240	1776692357.223	-0.7764	0.219	1.7037
241	1776692357.254	-0.7741	0.2186	1.7002
242	1776692357.286	-0.7691	0.2178	1.6944
243	1776692357.302	-0.7646	0.2179	1.6884
244	1776692357.333	-0.7637	0.2178	1.681
245	1776692357.365	-0.7626	0.2162	1.6746
246	1776692357.381	-0.7603	0.2161	1.6712
247	1776692357.412	-0.7549	0.2159	1.6632
248	1776692357.428	-0.7578	0.2163	1.6591
249	1776692357.459	-0.7558	0.2172	1.654
250	1776692357.491	-0.7533	0.2177	1.6486
251	1776692357.506	-0.7495	0.2173	1.6396
252	1776692357.538	-0.7459	0.2185	1.6347
253	1776692357.571	-0.7431	0.2164	1.6279
254	1776692357.585	-0.7374	0.2155	1.6223
255	1776692357.617	-0.7347	0.216	1.6169
256	1776692357.648	-0.7334	0.2162	1.6109
257	1776692357.664	-0.7312	0.2163	1.6025
258	1776692357.695	-0.7253	0.2163	1.5973
259	1776692357.711	-0.7199	0.2165	1.5896
260	1776692357.75	-0.7165	0.2155	1.5837
261	1776692357.774	-0.7137	0.2149	1.5776
262	1776692357.79	-0.7148	0.2161	1.5722
263	1776692357.843	-0.714	0.2163	1.564
264	1776692357.889	-0.7025	0.2151	1.5566
265	1776692357.93	-0.7048	0.2169	1.5491
266	1776692357.964	-0.7004	0.2171	1.5435
267	1776692357.98	-0.6977	0.2155	1.536
268	1776692358.011	-0.6987	0.2164	1.5303
269	1776692358.027	-0.6912	0.2162	1.5247
270	1776692358.059	-0.6843	0.2164	1.5196
271	1776692358.09	-0.6829	0.2169	1.5119
272	1776692358.106	-0.6822	0.2163	1.5059
273	1776692358.141	-0.6752	0.2145	1.4964
274	1776692358.153	-0.6733	0.215	1.4924
275	1776692358.184	-0.6716	0.2153	1.4881
276	1776692358.216	-0.6791	0.2168	1.4794
277	1776692358.232	-0.6647	0.215	1.4766
278	1776692358.267	-0.6707	0.2169	1.4707
279	1776692358.295	-0.6693	0.2158	1.4619
280	1776692358.31	-0.6654	0.2164	1.4564
281	1776692358.342	-0.6577	0.2155	1.4546
282	1776692358.373	-0.6563	0.2154	1.4487
283	1776692358.389	-0.652	0.2149	1.4394
284	1776692358.427	-0.6531	0.2151	1.4324
285	1776692358.47	-0.6524	0.2161	1.4273
286	1776692358.484	-0.6498	0.2164	1.4221
287	1776692358.515	-0.6477	0.2158	1.4171
288	1776692358.552	-0.6437	0.2168	1.4107
289	1776692358.578	-0.6415	0.2155	1.4045
290	1776692358.603	-0.6353	0.2155	1.3974
291	1776692358.626	-0.6334	0.2156	1.3903
292	1776692358.652	-0.6301	0.2161	1.3837
293	1776692358.672	-0.6266	0.2153	1.3778
294	1776692358.704	-0.6238	0.2161	1.3716
295	1776692358.72	-0.62	0.2174	1.3645
296	1776692358.752	-0.6165	0.2178	1.3582
297	1776692358.776	-0.6139	0.2175	1.352
298	1776692358.8	-0.6108	0.2173	1.3435
299	1776692358.832	-0.6054	0.2167	1.3365
300	1776692358.863	-0.6033	0.217	1.3298
301	1776692358.881	-0.5987	0.2162	1.3187
302	1776692358.917	-0.5983	0.2165	1.3155
303	1776692358.942	-0.5958	0.2166	1.3077
304	1776692358.958	-0.5908	0.2171	1.2992
305	1776692358.989	-0.5894	0.2178	1.2933
306	1776692359.015	-0.5849	0.2172	1.2862
307	1776692359.042	-0.5822	0.2169	1.2749
308	1776692359.068	-0.5771	0.2167	1.2678
309	1776692359.1	-0.5743	0.2165	1.2602
310	1776692359.132	-0.5697	0.2162	1.2504
311	1776692359.153	-0.5684	0.2172	1.246
312	1776692359.179	-0.5656	0.2159	1.2394
313	1776692359.21	-0.5602	0.2153	1.2282
314	1776692359.227	-0.558	0.215	1.2203
315	1776692359.257	-0.5528	0.2139	1.2118
316	1776692359.289	-0.5481	0.2148	1.2023
317	1776692359.304	-0.5435	0.2169	1.1922
318	1776692359.336	-0.5431	0.2149	1.1892
319	1776692359.353	-0.5422	0.2151	1.1852
320	1776692359.383	-0.5397	0.2168	1.1771
321	1776692359.415	-0.5381	0.2176	1.1732
322	1776692359.431	-0.5338	0.2181	1.163
323	1776692359.462	-0.5319	0.2178	1.1556
324	1776692359.494	-0.5294	0.2183	1.1459
325	1776692359.513	-0.5275	0.2171	1.1435
326	1776692359.544	-0.5229	0.2182	1.1348
327	1776692359.573	-0.5196	0.2176	1.1283
328	1776692359.588	-0.5187	0.2188	1.1206
329	1776692359.62	-0.516	0.2179	1.1171
330	1776692359.636	-0.5152	0.2174	1.1121
331	1776692359.667	-0.5132	0.2154	1.1095
332	1776692359.698	-0.5144	0.2156	1.107
333	1776692359.714	-0.5122	0.2154	1.1026
334	1776692359.754	-0.5118	0.215	1.1
335	1776692359.777	-0.5106	0.2154	1.0969
336	1776692359.793	-0.5045	0.2154	1.0924
337	1776692359.827	-0.5053	0.2158	1.0898
338	1776692359.857	-0.5012	0.2165	1.0861
339	1776692359.872	-0.5018	0.2169	1.0862
340	1776692359.903	-0.5048	0.2175	1.0862
341	1776692359.936	-0.5041	0.2177	1.0849
342	1776692359.954	-0.5026	0.2179	1.0823
343	1776692359.982	-0.5018	0.2175	1.0804
344	1776692359.998	-0.5016	0.2184	1.0797
345	1776692360.041	-0.5008	0.219	1.0793
346	1776692360.061	-0.4975	0.2197	1.0799
347	1776692360.092	-0.4999	0.2175	1.0812
348	1776692360.108	-0.5017	0.2165	1.081
349	1776692360.139	-0.4981	0.2173	1.0782
350	1776692360.155	-0.5005	0.2186	1.0784
351	1776692360.186	-0.5003	0.2185	1.079
352	1776692360.218	-0.5013	0.2183	1.0795
353	1776692360.234	-0.5015	0.2182	1.0779
354	1776692360.265	-0.5015	0.218	1.0781
355	1776692360.297	-0.5014	0.2177	1.0805
356	1776692360.312	-0.5003	0.2186	1.0794
357	1776692360.344	-0.501	0.2191	1.0792
358	1776692360.36	-0.4996	0.2182	1.078
359	1776692360.391	-0.5026	0.2181	1.0802
360	1776692360.423	-0.5021	0.2174	1.0808
361	1776692360.438	-0.5007	0.2177	1.0784
362	1776692360.47	-0.5	0.218	1.0785
363	1776692360.485	-0.5015	0.2186	1.08
364	1776692360.517	-0.5034	0.2184	1.0812
365	1776692360.551	-0.5039	0.2185	1.0818
366	1776692360.565	-0.5022	0.218	1.0807
367	1776692360.596	-0.5021	0.2187	1.0805
368	1776692360.628	-0.502	0.2184	1.0797
369	1776692360.655	-0.5008	0.2183	1.0801
370	1776692360.675	-0.5015	0.2181	1.0794
371	1776692360.692	-0.5009	0.2185	1.079
372	1776692360.722	-0.5014	0.2184	1.0791
373	1776692360.755	-0.5024	0.2182	1.0804
374	1776692360.769	-0.5012	0.2189	1.0795
375	1776692360.801	-0.5015	0.2187	1.0802
376	1776692360.857	-0.5012	0.2182	1.0795
377	1776692360.88	-0.5017	0.2186	1.08
378	1776692360.911	-0.4985	0.217	1.0793
379	1776692360.943	-0.5006	0.2175	1.0772
380	1776692360.959	-0.5016	0.2178	1.0759
381	1776692360.991	-0.5003	0.2181	1.0729
382	1776692361.022	-0.4994	0.2188	1.0729
383	1776692361.055	-0.4985	0.2179	1.073
384	1776692361.085	-0.4993	0.2177	1.075
385	1776692361.116	-0.4978	0.2178	1.0702
386	1776692361.148	-0.4956	0.2181	1.0672
387	1776692361.182	-0.4961	0.2186	1.068
388	1776692361.195	-0.4939	0.2177	1.0676
389	1776692361.227	-0.4909	0.2169	1.0622
390	1776692361.259	-0.4902	0.2179	1.061
391	1776692361.289	-0.4914	0.2167	1.0581
392	1776692361.323	-0.4898	0.216	1.0552
393	1776692361.352	-0.4877	0.2164	1.0488
394	1776692361.383	-0.4892	0.2159	1.0486
395	1776692361.407	-0.4887	0.2167	1.0457
396	1776692361.439	-0.4855	0.2168	1.0372
397	1776692361.47	-0.4874	0.2175	1.0343
398	1776692361.502	-0.4815	0.2175	1.0264
399	1776692361.533	-0.4792	0.2156	1.0214
400	1776692361.567	-0.4724	0.2149	1.012
401	1776692361.6	-0.4677	0.2137	1.0052
402	1776692361.627	-0.4673	0.2157	0.9983
403	1776692361.659	-0.4638	0.2165	0.991
404	1776692361.686	-0.4571	0.2144	0.9839
405	1776692361.706	-0.4511	0.2126	0.9785
406	1776692361.737	-0.4468	0.2145	0.9693
407	1776692361.769	-0.4421	0.2134	0.9639
408	1776692361.804	-0.4328	0.2149	0.952
409	1776692361.842	-0.4341	0.2161	0.9452
410	1776692361.863	-0.4294	0.2139	0.9367
411	1776692361.899	-0.4281	0.214	0.9325
412	1776692361.927	-0.4282	0.2136	0.9272
413	1776692361.942	-0.424	0.2124	0.9187
414	1776692361.974	-0.4201	0.2126	0.9082
415	1776692362.005	-0.4151	0.2089	0.8997
416	1776692362.037	-0.4138	0.2127	0.8972
417	1776692362.056	-0.4073	0.2133	0.8788
418	1776692362.084	-0.4039	0.2141	0.8728
419	1776692362.115	-0.3985	0.2145	0.8618
420	1776692362.149	-0.3947	0.2147	0.8528
421	1776692362.179	-0.3903	0.216	0.847
422	1776692362.196	-0.3888	0.2137	0.847
423	1776692362.227	-0.3873	0.2136	0.84
424	1776692362.258	-0.3844	0.2127	0.8378
425	1776692362.29	-0.3811	0.2118	0.8334
426	1776692362.322	-0.3802	0.2113	0.8331
427	1776692362.34	-0.3762	0.2112	0.828
428	1776692362.371	-0.3748	0.2127	0.8221
429	1776692362.401	-0.3726	0.2139	0.8137
430	1776692362.432	-0.3721	0.2156	0.811
431	1776692362.464	-0.3692	0.2172	0.8038
432	1776692362.48	-0.3674	0.2185	0.7967
433	1776692362.511	-0.3615	0.2176	0.7891
434	1776692362.543	-0.3665	0.2158	0.7975
435	1776692362.578	-0.3663	0.2155	0.7983
436	1776692362.606	-0.3625	0.2141	0.7956
437	1776692362.638	-0.3626	0.2137	0.796
438	1776692362.669	-0.3589	0.2129	0.792
439	1776692362.705	-0.3558	0.2139	0.7849
440	1776692362.732	-0.358	0.2142	0.7874
441	1776692362.757	-0.3594	0.2145	0.7885
442	1776692362.781	-0.3598	0.2141	0.7896
443	1776692362.823	-0.3586	0.2139	0.7871
444	1776692362.842	-0.3593	0.2142	0.7887
445	1776692362.874	-0.3561	0.2167	0.786
446	1776692362.906	-0.3579	0.2156	0.7853
447	1776692362.937	-0.3571	0.2157	0.7845
448	1776692362.957	-0.3599	0.2157	0.7882
449	1776692362.984	-0.3592	0.215	0.7868
450	1776692363.016	-0.3568	0.2141	0.7835
451	1776692363.048	-0.357	0.2142	0.7844
452	1776692363.079	-0.3574	0.2142	0.7836
453	1776692363.11	-0.3579	0.2146	0.7852
454	1776692363.142	-0.3581	0.2152	0.7862
455	1776692363.173	-0.357	0.2137	0.7853
456	1776692363.191	-0.3573	0.2137	0.7845
457	1776692363.22	-0.355	0.2142	0.7842
458	1776692363.258	-0.3549	0.2141	0.7852
459	1776692363.283	-0.3563	0.2139	0.7829
460	1776692363.3	-0.354	0.2155	0.7775
461	1776692363.347	-0.3546	0.2147	0.7796
462	1776692363.363	-0.3525	0.2151	0.7775
463	1776692363.394	-0.3548	0.2151	0.7814
464	1776692363.425	-0.3556	0.214	0.7835
465	1776692363.458	-0.3553	0.2139	0.7793
466	1776692363.488	-0.3589	0.2143	0.7851
467	1776692363.519	-0.3608	0.2145	0.7853
468	1776692363.55	-0.3598	0.2141	0.7847
469	1776692363.585	-0.3584	0.2158	0.7851
470	1776692363.613	-0.3539	0.2136	0.7804
471	1776692363.645	-0.3537	0.2119	0.7802
472	1776692363.677	-0.3514	0.2134	0.7791
473	1776692363.708	-0.3499	0.2127	0.7788
474	1776692363.74	-0.3458	0.2139	0.7755
475	1776692363.772	-0.3491	0.2124	0.7787
476	1776692363.788	-0.3495	0.2117	0.7783
477	1776692363.819	-0.3476	0.2126	0.7798
478	1776692363.859	-0.3484	0.2134	0.7811
479	1776692363.881	-0.351	0.2145	0.7825
480	1776692363.913	-0.3456	0.2155	0.7801
481	1776692363.945	-0.3426	0.2144	0.7775
482	1776692363.976	-0.3414	0.2153	0.7771
483	1776692364.008	-0.3414	0.2153	0.7768
484	1776692364.024	-0.3359	0.2154	0.7729
485	1776692364.059	-0.3363	0.2145	0.7743
486	1776692364.087	-0.3316	0.2147	0.7678
487	1776692364.119	-0.3349	0.2147	0.7734
488	1776692364.15	-0.3319	0.2163	0.7718
489	1776692364.166	-0.3281	0.2163	0.7661
490	1776692364.197	-0.3222	0.2169	0.7639
491	1776692364.229	-0.3222	0.2184	0.7649
492	1776692364.26	-0.3162	0.2191	0.7598
493	1776692364.292	-0.3106	0.2186	0.76
494	1776692364.323	-0.3073	0.2181	0.7603
495	1776692364.359	-0.2993	0.2189	0.7565
496	1776692364.386	-0.2961	0.2186	0.7564
497	1776692364.403	-0.2862	0.2195	0.7491
498	1776692364.434	-0.2769	0.2195	0.7454
499	1776692364.472	-0.2672	0.2199	0.7383
500	1776692364.497	-0.2615	0.2193	0.7373
501	1776692364.529	-0.2489	0.2207	0.731
502	1776692364.544	-0.2457	0.2181	0.7325
503	1776692364.575	-0.2317	0.2187	0.7266
504	1776692364.607	-0.2251	0.2199	0.7197
505	1776692364.638	-0.2159	0.2195	0.7213
506	1776692364.67	-0.2144	0.218	0.7271
507	1776692364.707	-0.2071	0.218	0.7253
508	1776692364.734	-0.2013	0.2185	0.7238
509	1776692364.765	-0.1927	0.2192	0.7215
510	1776692364.796	-0.1883	0.2187	0.7229
511	1776692364.828	-0.1812	0.2184	0.7218
512	1776692364.86	-0.1741	0.2179	0.7246
513	1776692364.875	-0.168	0.2193	0.7225
514	1776692364.907	-0.1577	0.2198	0.7196
515	1776692364.938	-0.1474	0.2201	0.7151
516	1776692364.97	-0.1382	0.2194	0.7212
517	1776692365.01	-0.1237	0.2197	0.724
518	1776692365.033	-0.1117	0.2201	0.7218
519	1776692365.077	-0.0992	0.2206	0.7168
520	1776692365.096	-0.0906	0.2191	0.7293
521	1776692365.127	-0.0799	0.2213	0.7203
522	1776692365.16	-0.0704	0.221	0.7285
523	1776692365.19	-0.0615	0.2224	0.7242
524	1776692365.222	-0.0532	0.2231	0.7186
525	1776692365.285	-0.0478	0.2218	0.7308
526	1776692365.333	-0.0467	0.2204	0.7428
527	1776692365.361	-0.026	0.2219	0.7312
528	1776692365.38	-0.0177	0.2235	0.7259
529	1776692365.411	-0.0092	0.2222	0.7347
530	1776692365.443	-0.007	0.2221	0.7377
531	1776692365.461	0.0096	0.2216	0.7405
532	1776692365.49	0.0189	0.2224	0.7389
533	1776692365.521	0.0287	0.2231	0.7381
534	1776692365.561	0.0352	0.2214	0.7469
535	1776692365.59	0.0456	0.2222	0.7425
536	1776692365.616	0.0534	0.223	0.7416
537	1776692365.653	0.0655	0.2242	0.7418
538	1776692365.681	0.0723	0.2234	0.7475
539	1776692365.71	0.0815	0.2236	0.7502
540	1776692365.726	0.0817	0.223	0.7514
541	1776692365.762	0.0862	0.2214	0.7611
542	1776692365.789	0.094	0.2207	0.7591
543	1776692365.82	0.1013	0.2211	0.7654
544	1776692365.852	0.1078	0.22	0.7685
545	1776692365.883	0.1114	0.2219	0.7702
546	1776692365.915	0.1217	0.2208	0.7743
547	1776692365.946	0.1313	0.2198	0.7792
548	1776692365.978	0.1345	0.22	0.7779
549	1776692366.012	0.1396	0.219	0.7819
550	1776692366.041	0.1435	0.2197	0.7866
551	1776692366.073	0.1425	0.2204	0.79
552	1776692366.104	0.148	0.2206	0.7923
553	1776692366.12	0.1539	0.2196	0.8004
554	1776692366.162	0.1583	0.2193	0.8023
555	1776692366.183	0.1642	0.2196	0.8033
556	1776692366.215	0.1693	0.2193	0.8067
557	1776692366.246	0.1734	0.2193	0.8093
558	1776692366.278	0.1752	0.2202	0.8068
559	1776692366.309	0.1805	0.2189	0.8167
560	1776692366.34	0.1837	0.2187	0.8213
561	1776692366.374	0.1889	0.2182	0.826
562	1776692366.403	0.1936	0.2181	0.8315
563	1776692366.435	0.1945	0.2195	0.829
564	1776692366.462	0.1991	0.2181	0.8337
565	1776692366.482	0.2017	0.2179	0.834
566	1776692366.514	0.2033	0.2185	0.8365
567	1776692366.545	0.208	0.2184	0.8397
568	1776692366.577	0.2122	0.2179	0.8445
569	1776692366.61	0.2156	0.2185	0.8449
570	1776692366.624	0.2191	0.2184	0.8492
571	1776692366.663	0.2234	0.2185	0.8535
572	1776692366.688	0.2253	0.218	0.8563
573	1776692366.72	0.2296	0.2179	0.8596
574	1776692366.755	0.2322	0.2185	0.8608
575	1776692366.781	0.2337	0.218	0.8627
576	1776692366.813	0.238	0.2185	0.8678
577	1776692366.845	0.2396	0.2188	0.8666
578	1776692366.876	0.2463	0.2183	0.8691
579	1776692366.908	0.2496	0.2177	0.8733
580	1776692366.939	0.2536	0.2177	0.8754
581	1776692366.975	0.2542	0.2179	0.8777
582	1776692367.008	0.2595	0.2182	0.8825
583	1776692367.034	0.2614	0.2182	0.8833
584	1776692367.066	0.2642	0.2186	0.8889
585	1776692367.137	0.2679	0.2183	0.8956
586	1776692367.186	0.2699	0.2195	0.8938
587	1776692367.224	0.2728	0.2191	0.8992
588	1776692367.255	0.2757	0.2186	0.9048
589	1776692367.286	0.2774	0.2198	0.904
590	1776692367.328	0.2803	0.2201	0.9044
591	1776692367.35	0.2827	0.2198	0.9093
592	1776692367.405	0.2853	0.2201	0.9133
593	1776692367.428	0.2871	0.2203	0.9148
594	1776692367.466	0.2892	0.2202	0.9183
595	1776692367.492	0.2916	0.2198	0.9227
596	1776692367.523	0.2934	0.2196	0.9236
597	1776692367.564	0.2939	0.2201	0.9239
598	1776692367.587	0.2967	0.2208	0.9289
599	1776692367.626	0.2955	0.2209	0.9295
600	1776692367.649	0.2971	0.221	0.9314
601	1776692367.68	0.3007	0.2207	0.9345
602	1776692367.712	0.3021	0.2208	0.9374
603	1776692367.759	0.3043	0.2212	0.9411
604	1776692367.775	0.3054	0.2206	0.9435
605	1776692367.806	0.3062	0.2204	0.9448
606	1776692367.838	0.3083	0.2203	0.9445
607	1776692367.869	0.3076	0.2203	0.9473
608	1776692367.905	0.3119	0.2199	0.9476
609	1776692367.935	0.3114	0.2197	0.948
610	1776692367.964	0.3122	0.2199	0.9472
611	1776692367.98	0.312	0.2199	0.9481
612	1776692368.011	0.3125	0.2199	0.9497
613	1776692368.043	0.3107	0.2196	0.9471
614	1776692368.074	0.3104	0.2203	0.9466
615	1776692368.106	0.3099	0.2196	0.9465
616	1776692368.137	0.3089	0.2198	0.9464
617	1776692368.168	0.3101	0.2201	0.9459
618	1776692368.2	0.3073	0.2201	0.9465
619	1776692368.215	0.3034	0.219	0.9474
620	1776692368.247	0.3082	0.2196	0.9466
621	1776692368.279	0.3074	0.2186	0.9466
622	1776692368.31	0.3127	0.2202	0.946
623	1776692368.342	0.3104	0.2201	0.9455
624	1776692368.365	0.3106	0.2201	0.9452
625	1776692368.39	0.309	0.2212	0.9442
626	1776692368.421	0.3091	0.2207	0.945
627	1776692368.452	0.3093	0.2206	0.9438
628	1776692368.484	0.3085	0.2206	0.945
629	1776692368.501	0.3086	0.2205	0.9451
630	1776692368.547	0.3075	0.2205	0.9449
631	1776692368.565	0.3079	0.2203	0.9455
632	1776692368.598	0.305	0.2188	0.9452
633	1776692368.63	0.3058	0.2184	0.948
634	1776692368.666	0.3099	0.2199	0.9466
635	1776692368.688	0.3098	0.2199	0.9466
636	1776692368.72	0.3099	0.2196	0.9468
637	1776692368.752	0.3118	0.2197	0.9465
638	1776692368.783	0.31	0.2198	0.947
639	1776692368.815	0.3083	0.2187	0.9461
640	1776692368.846	0.3108	0.2196	0.9465
641	1776692368.866	0.309	0.2188	0.9462
642	1776692368.895	0.3095	0.22	0.9442
643	1776692368.926	0.3089	0.22	0.9448
644	1776692368.957	0.3108	0.2199	0.9456
645	1776692368.994	0.3097	0.2201	0.9468
646	1776692369.019	0.3096	0.22	0.9469
647	1776692369.05	0.309	0.22	0.9469
648	1776692369.082	0.31	0.2197	0.9469
649	1776692369.114	0.3101	0.2199	0.9466
650	1776692369.145	0.31	0.2199	0.9454
651	1776692369.166	0.31	0.2203	0.9444
652	1776692369.192	0.3112	0.2201	0.9452
653	1776692369.224	0.3113	0.2199	0.9449
654	1776692369.256	0.3111	0.2198	0.9447
655	1776692369.287	0.311	0.2199	0.9449
656	1776692369.318	0.3118	0.2198	0.9461
657	1776692369.334	0.3113	0.2198	0.9443
658	1776692369.367	0.3082	0.2189	0.9444
659	1776692369.397	0.307	0.2214	0.9455
660	1776692369.43	0.3062	0.2217	0.9454
661	1776692369.445	0.3105	0.2203	0.9452
662	1776692369.476	0.3057	0.2226	0.9447
663	1776692369.507	0.3084	0.2204	0.9439
664	1776692369.538	0.3091	0.2205	0.9443
665	1776692369.57	0.3096	0.2203	0.9444
666	1776692369.602	0.3103	0.22	0.946
667	1776692369.617	0.3107	0.22	0.9466
668	1776692369.649	0.309	0.2201	0.9463
669	1776692369.68	0.3107	0.2197	0.9464
670	1776692369.712	0.311	0.2199	0.9457
671	1776692369.744	0.3115	0.22	0.9449
672	1776692369.767	0.3111	0.2197	0.9459
673	1776692369.791	0.312	0.2198	0.9463
674	1776692369.822	0.3129	0.2197	0.9473
675	1776692369.854	0.3127	0.2196	0.947
676	1776692369.885	0.3119	0.2195	0.9459
677	1776692369.917	0.3128	0.2195	0.9461
678	1776692369.932	0.3129	0.2194	0.9465
679	1776692369.967	0.3127	0.2196	0.947
680	1776692370.0	0.3118	0.2192	0.9458
681	1776692370.042	0.312	0.2196	0.9461
682	1776692370.074	0.3122	0.2198	0.9464
683	1776692370.105	0.312	0.22	0.9457
684	1776692370.137	0.3118	0.2198	0.9456
685	1776692370.168	0.3129	0.2197	0.9466
686	1776692370.199	0.3115	0.2198	0.9464
687	1776692370.247	0.308	0.2214	0.9464
688	1776692370.278	0.3123	0.2199	0.9469
689	1776692370.31	0.3127	0.2194	0.9478
690	1776692370.341	0.3119	0.2193	0.9471
691	1776692370.373	0.3123	0.2196	0.9493
692	1776692370.405	0.3081	0.2218	0.9494
693	1776692370.436	0.3094	0.2202	0.949
694	1776692370.469	0.3119	0.2193	0.9537
695	1776692370.5	0.3131	0.219	0.9544
696	1776692370.531	0.3119	0.2197	0.9569
697	1776692370.563	0.3102	0.2208	0.9557
698	1776692370.595	0.3105	0.2206	0.9584
699	1776692370.647	0.3101	0.2205	0.9605
700	1776692370.675	0.3156	0.2216	0.9614
701	1776692370.705	0.3148	0.2227	0.9662
702	1776692370.752	0.3179	0.2225	0.9668
703	1776692370.784	0.3195	0.2228	0.9698
704	1776692370.831	0.3224	0.2224	0.9752
705	1776692370.868	0.3267	0.2222	0.9808
706	1776692370.893	0.3258	0.2227	0.9839
707	1776692370.941	0.3299	0.2221	0.9905
708	1776692370.98	0.3284	0.2246	0.9934
709	1776692371.003	0.3293	0.2246	0.9975
710	1776692371.035	0.334	0.2255	1.0011
711	1776692371.069	0.3379	0.2249	1.0072
712	1776692371.098	0.3426	0.2216	1.0087
713	1776692371.13	0.3449	0.2231	1.0125
714	1776692371.169	0.3459	0.2233	1.0182
715	1776692371.193	0.3468	0.2245	1.0238
716	1776692371.224	0.3494	0.2258	1.0306
717	1776692371.255	0.3511	0.2257	1.0362
718	1776692371.287	0.3516	0.2261	1.0376
719	1776692371.318	0.3573	0.2263	1.0448
720	1776692371.35	0.3596	0.2256	1.0471
721	1776692371.373	0.3612	0.2258	1.0522
722	1776692371.404	0.3621	0.2269	1.0561
723	1776692371.451	0.3646	0.2271	1.059
724	1776692371.469	0.3681	0.2253	1.0648
725	1776692371.499	0.3679	0.2249	1.066
726	1776692371.53	0.3729	0.2237	1.0786
727	1776692371.569	0.3784	0.2239	1.0843
728	1776692371.593	0.3829	0.224	1.089
729	1776692371.624	0.3846	0.2242	1.092
730	1776692371.656	0.3869	0.2249	1.0943
731	1776692371.687	0.3897	0.2255	1.0982
732	1776692371.735	0.3924	0.2255	1.1048
733	1776692371.77	0.3936	0.2256	1.1082
734	1776692371.797	0.3989	0.2257	1.1161
735	1776692371.829	0.4017	0.2253	1.1211
736	1776692371.86	0.4049	0.2245	1.1263
737	1776692371.894	0.4124	0.2241	1.136
738	1776692371.924	0.417	0.2248	1.1405
739	1776692371.956	0.4218	0.2248	1.1471
740	1776692371.987	0.4211	0.2259	1.1538
741	1776692372.019	0.428	0.2246	1.1585
742	1776692372.051	0.4245	0.226	1.164
743	1776692372.083	0.4275	0.2253	1.1744
744	1776692372.098	0.4263	0.2257	1.1792
745	1776692372.13	0.4319	0.2245	1.1834
746	1776692372.169	0.4366	0.2237	1.1944
747	1776692372.192	0.4414	0.2235	1.2005
748	1776692372.223	0.4463	0.2235	1.2145
749	1776692372.271	0.4466	0.224	1.2212
750	1776692372.303	0.4465	0.2248	1.2287
751	1776692372.35	0.4516	0.2234	1.2415
752	1776692372.37	0.453	0.225	1.2437
753	1776692372.397	0.4556	0.2247	1.2546
754	1776692372.429	0.4611	0.2243	1.2667
755	1776692372.46	0.4621	0.2237	1.2724
756	1776692372.491	0.4597	0.2272	1.2831
757	1776692372.522	0.467	0.224	1.2937
758	1776692372.554	0.4659	0.2261	1.3027
759	1776692372.601	0.4679	0.2245	1.3117
760	1776692372.645	0.4705	0.225	1.3227
761	1776692372.67	0.4723	0.2249	1.3327
762	1776692372.696	0.4715	0.2257	1.3365
763	1776692372.728	0.4734	0.2264	1.347
764	1776692372.759	0.4698	0.2268	1.3524
765	1776692372.791	0.4685	0.2296	1.3663
766	1776692372.822	0.4704	0.2297	1.375
767	1776692372.854	0.4712	0.2313	1.3848
768	1776692372.87	0.4724	0.2304	1.3937
769	1776692372.925	0.4597	0.2311	1.4018
770	1776692372.948	0.4644	0.231	1.4116
771	1776692372.98	0.4687	0.2307	1.4239
772	1776692373.012	0.4683	0.2308	1.4313
773	1776692373.076	0.4626	0.2309	1.4395
774	1776692373.107	0.4647	0.2309	1.4529
775	1776692373.155	0.4593	0.2325	1.4663
776	1776692373.188	0.4511	0.2325	1.474
777	1776692373.218	0.4529	0.2321	1.4839
778	1776692373.25	0.451	0.2311	1.495
779	1776692373.281	0.4501	0.2313	1.5081
780	1776692373.327	0.4444	0.2318	1.5168
781	1776692373.36	0.4438	0.2328	1.5261
782	1776692373.392	0.4471	0.233	1.538
783	1776692373.424	0.4485	0.2322	1.5572
784	1776692373.455	0.4474	0.2319	1.5672
785	1776692373.503	0.4457	0.2319	1.5756
786	1776692373.55	0.4543	0.2316	1.5912
787	1776692373.597	0.4546	0.2311	1.606
788	1776692373.629	0.4532	0.2316	1.6117
789	1776692373.672	0.4436	0.233	1.6208
790	1776692373.702	0.4384	0.2338	1.638
791	1776692373.739	0.4406	0.2338	1.6506
792	1776692373.792	0.4369	0.2339	1.6579
793	1776692373.833	0.4393	0.2339	1.6705
794	1776692373.872	0.4399	0.2331	1.6819
795	1776692373.912	0.4364	0.2328	1.6964
796	1776692373.959	0.4359	0.2329	1.7088
797	1776692374.007	0.434	0.2334	1.7208
798	1776692374.038	0.4323	0.2344	1.7296
799	1776692374.086	0.4325	0.2345	1.7425
800	1776692374.118	0.4281	0.2344	1.7517
801	1776692374.149	0.4309	0.2343	1.7614
802	1776692374.18	0.4308	0.2323	1.7758
803	1776692374.212	0.4305	0.2326	1.786
804	1776692374.243	0.4275	0.2333	1.7958
805	1776692374.275	0.422	0.2335	1.8049
806	1776692374.291	0.4253	0.233	1.8206
807	1776692374.322	0.4225	0.2332	1.8257
808	1776692374.354	0.4194	0.2325	1.8368
809	1776692374.385	0.4196	0.2339	1.8426
810	1776692374.416	0.4214	0.234	1.8558
811	1776692374.448	0.4193	0.2335	1.8663
812	1776692374.48	0.4137	0.2341	1.8736
813	1776692374.511	0.4149	0.2332	1.8885
814	1776692374.527	0.4196	0.2323	1.9034
815	1776692374.558	0.4153	0.2317	1.9117
816	1776692374.59	0.4151	0.2317	1.9193
817	1776692374.621	0.4127	0.2304	1.9331
818	1776692374.653	0.414	0.231	1.9455
819	1776692374.672	0.4154	0.2325	1.9569
820	1776692374.709	0.4179	0.2323	1.9728
821	1776692374.731	0.4117	0.2298	1.9869
822	1776692374.773	0.4128	0.2295	1.9978
823	1776692374.794	0.4106	0.2291	2.0065
824	1776692374.826	0.4088	0.2288	2.012
825	1776692374.857	0.4095	0.2284	2.0208
826	1776692374.888	0.4045	0.2288	2.0222
827	1776692374.921	0.4082	0.2303	2.0308
828	1776692374.954	0.4076	0.2314	2.0405
829	1776692374.983	0.4067	0.2322	2.0504
830	1776692375.014	0.4023	0.2308	2.0593
831	1776692375.03	0.399	0.2311	2.0647
832	1776692375.073	0.3957	0.2308	2.0698
833	1776692375.093	0.3951	0.2312	2.0819
834	1776692375.124	0.3967	0.2307	2.0923
835	1776692375.156	0.3964	0.2302	2.0952
836	1776692375.191	0.3954	0.23	2.1016
837	1776692375.219	0.3952	0.2298	2.1116
838	1776692375.234	0.3962	0.2292	2.1169
839	1776692375.273	0.3964	0.2292	2.1225
840	1776692375.297	0.3913	0.2299	2.122
841	1776692375.329	0.3919	0.2295	2.1323
842	1776692375.36	0.3902	0.2297	2.1334
843	1776692375.379	0.3883	0.2306	2.1422
844	1776692375.424	0.3873	0.2301	2.1458
845	1776692375.44	0.3896	0.229	2.1507
846	1776692375.474	0.3883	0.2287	2.1561
847	1776692375.502	0.389	0.2286	2.1602
848	1776692375.534	0.3851	0.229	2.162
849	1776692375.565	0.3823	0.2293	2.163
850	1776692375.603	0.3835	0.2291	2.1663
851	1776692375.629	0.3817	0.2296	2.1668
852	1776692375.66	0.3802	0.2295	2.168
853	1776692375.676	0.3803	0.2292	2.1759
854	1776692375.715	0.3819	0.2294	2.179
855	1776692375.739	0.3838	0.228	2.1859
856	1776692375.774	0.3798	0.228	2.1843
857	1776692375.803	0.3801	0.2285	2.1849
858	1776692375.819	0.3811	0.2284	2.1891
859	1776692375.85	0.3793	0.2296	2.1784
860	1776692375.882	0.3784	0.2295	2.1769
861	1776692375.929	0.3792	0.229	2.1789
862	1776692375.961	0.38	0.2293	2.1797
863	1776692375.991	0.3802	0.2291	2.1789
864	1776692376.024	0.3813	0.2289	2.181
865	1776692376.056	0.3813	0.2291	2.1804
866	1776692376.074	0.3795	0.2292	2.1796
867	1776692376.103	0.3808	0.229	2.1812
868	1776692376.134	0.3814	0.2296	2.1802
869	1776692376.175	0.3812	0.2295	2.1807
870	1776692376.197	0.3807	0.2292	2.1794
871	1776692376.251	0.381	0.2292	2.179
872	1776692376.276	0.3799	0.2297	2.1773
873	1776692376.308	0.3822	0.2294	2.1799
874	1776692376.324	0.3841	0.2291	2.1808
875	1776692376.371	0.381	0.2291	2.1794
876	1776692376.39	0.3792	0.2293	2.1792
877	1776692376.422	0.3809	0.2292	2.1811
878	1776692376.453	0.3823	0.2285	2.181
879	1776692376.496	0.3823	0.2286	2.181
880	1776692376.516	0.3815	0.2284	2.1812
881	1776692376.547	0.3802	0.2283	2.1805
882	1776692376.579	0.3797	0.2285	2.1793
883	1776692376.61	0.3818	0.2284	2.1802
884	1776692376.644	0.3827	0.2285	2.182
885	1776692376.678	0.3814	0.2293	2.1795
886	1776692376.705	0.3834	0.2287	2.1827
887	1776692376.736	0.3804	0.2292	2.1803
888	1776692376.775	0.3795	0.2293	2.1795
889	1776692376.799	0.3855	0.2283	2.1807
890	1776692376.831	0.3877	0.2284	2.1842
891	1776692376.863	0.3817	0.2288	2.1797
892	1776692376.878	0.3805	0.2289	2.1788
893	1776692376.91	0.3818	0.2289	2.1784
894	1776692376.942	0.3811	0.2287	2.1779
895	1776692376.977	0.383	0.2282	2.1796
896	1776692377.005	0.3803	0.2285	2.1793
897	1776692377.036	0.3803	0.2294	2.1783
898	1776692377.067	0.3741	0.2295	2.1761
899	1776692377.102	0.3808	0.2289	2.1784
900	1776692377.13	0.3806	0.2285	2.1801
901	1776692377.162	0.3812	0.2284	2.1812
902	1776692377.178	0.3804	0.2281	2.1795
903	1776692377.209	0.379	0.2285	2.1813
904	1776692377.241	0.3782	0.2287	2.1792
905	1776692377.275	0.3806	0.229	2.179
906	1776692377.303	0.3806	0.2291	2.18
907	1776692377.334	0.3786	0.2292	2.1788
908	1776692377.366	0.3796	0.2289	2.1798
909	1776692377.398	0.3795	0.2286	2.1789
910	1776692377.413	0.381	0.2287	2.179
911	1776692377.445	0.3801	0.2289	2.1804
912	1776692377.486	0.378	0.2289	2.1792
913	1776692377.533	0.3823	0.2286	2.1814
914	1776692377.554	0.3806	0.2289	2.1803
915	1776692377.586	0.3781	0.2288	2.1782
916	1776692377.617	0.379	0.2286	2.1791
917	1776692377.649	0.381	0.2282	2.1811
918	1776692377.676	0.3825	0.2282	2.1809
919	1776692377.713	0.382	0.2282	2.1825
920	1776692377.744	0.379	0.2289	2.1805
921	1776692377.776	0.3796	0.2292	2.1795
922	1776692377.792	0.3785	0.2293	2.1817
923	1776692377.825	0.3818	0.2287	2.1819
924	1776692377.855	0.3771	0.2293	2.1818
925	1776692377.892	0.371	0.2298	2.1789
926	1776692377.918	0.3757	0.229	2.1843
927	1776692377.95	0.3763	0.229	2.1859
928	1776692377.981	0.3752	0.2294	2.1872
929	1776692378.001	0.3728	0.2299	2.1894
930	1776692378.029	0.374	0.2291	2.192
931	1776692378.06	0.3719	0.2288	2.1914
932	1776692378.092	0.3726	0.229	2.1917
933	1776692378.127	0.3723	0.2292	2.1939
934	1776692378.154	0.3731	0.229	2.1955
935	1776692378.186	0.3767	0.2288	2.1984
936	1776692378.217	0.3744	0.2282	2.201
937	1776692378.268	0.3739	0.2287	2.2034
938	1776692378.296	0.3698	0.2287	2.204
939	1776692378.327	0.3707	0.2282	2.2065
940	1776692378.358	0.3671	0.2291	2.2044
941	1776692378.39	0.3683	0.2288	2.2071
942	1776692378.422	0.3696	0.2284	2.2098
943	1776692378.453	0.3693	0.2279	2.2128
944	1776692378.493	0.3675	0.2278	2.2136
945	1776692378.522	0.3686	0.2276	2.2171
946	1776692378.548	0.3676	0.2279	2.2168
947	1776692378.58	0.3672	0.2282	2.2179
948	1776692378.611	0.367	0.2284	2.2202
949	1776692378.643	0.3677	0.228	2.2238
950	1776692378.66	0.3673	0.228	2.2268
951	1776692378.69	0.3671	0.2271	2.2284
952	1776692378.753	0.3672	0.2278	2.2295
953	1776692378.785	0.3647	0.2277	2.2335
954	1776692378.816	0.3601	0.2271	2.234
955	1776692378.848	0.3521	0.2276	2.2334
956	1776692378.88	0.3492	0.2274	2.2348
957	1776692378.912	0.3431	0.2278	2.2329
958	1776692378.949	0.3403	0.228	2.235
959	1776692378.977	0.3395	0.227	2.2393
960	1776692379.005	0.3329	0.2274	2.2434
961	1776692379.036	0.332	0.2287	2.2462
962	1776692379.067	0.3241	0.2289	2.2514
963	1776692379.099	0.3197	0.2282	2.2523
964	1776692379.13	0.3155	0.2281	2.2554
965	1776692379.161	0.3054	0.2291	2.2577
966	1776692379.193	0.3	0.2295	2.2588
967	1776692379.225	0.298	0.2285	2.2674
968	1776692379.241	0.2924	0.2288	2.2682
969	1776692379.277	0.2893	0.2294	2.2782
970	1776692379.32	0.2821	0.2303	2.2855
971	1776692379.337	0.2721	0.2303	2.2906
972	1776692379.383	0.2675	0.2305	2.2928
973	1776692379.414	0.2597	0.2285	2.2971
974	1776692379.446	0.2556	0.2297	2.3035
975	1776692379.462	0.245	0.2278	2.31
976	1776692379.493	0.2338	0.2281	2.312
977	1776692379.525	0.2239	0.2289	2.3162
978	1776692379.556	0.2153	0.2298	2.3196
979	1776692379.587	0.2087	0.2297	2.3248
980	1776692379.619	0.2074	0.2294	2.334
981	1776692379.651	0.1991	0.2294	2.3385
982	1776692379.682	0.1933	0.2279	2.3441
983	1776692379.699	0.1867	0.2285	2.3457
984	1776692379.73	0.1785	0.2288	2.3473
985	1776692379.761	0.1724	0.2274	2.3574
986	1776692379.792	0.165	0.2276	2.3632
987	1776692379.824	0.1613	0.2276	2.3702
988	1776692379.859	0.1493	0.2278	2.3739
989	1776692379.887	0.1411	0.2267	2.3789
990	1776692379.921	0.1382	0.2269	2.3824
991	1776692379.95	0.1293	0.2279	2.3823
992	1776692379.982	0.1241	0.2274	2.3865
993	1776692379.997	0.1153	0.228	2.3886
994	1776692380.029	0.1104	0.2283	2.3892
995	1776692380.06	0.1038	0.2284	2.3947
996	1776692380.092	0.0962	0.2284	2.396
997	1776692380.124	0.0925	0.2281	2.3992
998	1776692380.156	0.0854	0.2284	2.4004
999	1776692380.187	0.0789	0.2272	2.401
1000	1776692380.234	0.074	0.2281	2.4023
1001	1776692380.282	0.0666	0.2278	2.4059
1002	1776692380.314	0.0581	0.2276	2.4063
1003	1776692380.345	0.0538	0.2272	2.4149
1004	1776692380.392	0.0493	0.2267	2.4096
1005	1776692380.424	0.0484	0.2271	2.4154
1006	1776692380.456	0.0446	0.2271	2.4186
1007	1776692380.478	0.0426	0.2262	2.4225
1008	1776692380.504	0.0363	0.226	2.4206
1009	1776692380.535	0.0339	0.2258	2.4246
1010	1776692380.567	0.0287	0.2255	2.4211
1011	1776692380.598	0.0295	0.2252	2.425
1012	1776692380.63	0.0224	0.2263	2.4226
1013	1776692380.661	0.0212	0.2267	2.4191
1014	1776692380.693	0.0223	0.2263	2.4237
1015	1776692380.71	0.0231	0.2264	2.4201
1016	1776692380.741	0.0171	0.2272	2.4192
1017	1776692380.778	0.0202	0.2265	2.4227
1018	1776692380.804	0.0167	0.2265	2.4194
1019	1776692380.836	0.0148	0.2266	2.4219
1020	1776692380.871	0.0149	0.2268	2.4221
1021	1776692380.898	0.0152	0.2269	2.4218
1022	1776692380.929	0.0165	0.2265	2.4234
1023	1776692380.961	0.0186	0.2258	2.4252
1024	1776692380.979	0.0162	0.2261	2.4231
1025	1776692381.009	0.0155	0.227	2.4227
1026	1776692381.04	0.0168	0.2268	2.4236
1027	1776692381.079	0.015	0.2266	2.4233
1028	1776692381.103	0.0159	0.2266	2.4248
1029	1776692381.134	0.0194	0.2258	2.4276
1030	1776692381.166	0.0211	0.226	2.4264
1031	1776692381.197	0.0188	0.2259	2.4247
1032	1776692381.229	0.0191	0.2259	2.4247
1033	1776692381.26	0.0171	0.2266	2.4261
1034	1776692381.292	0.0156	0.2272	2.4241
1035	1776692381.323	0.0151	0.2278	2.4224
1036	1776692381.354	0.0155	0.2272	2.421
1037	1776692381.379	0.0146	0.2271	2.4215
1038	1776692381.406	0.0149	0.2271	2.4222
1039	1776692381.437	0.0134	0.2275	2.4212
1040	1776692381.479	0.0143	0.2274	2.4212
1041	1776692381.5	0.0148	0.2275	2.4215
1042	1776692381.532	0.0127	0.2277	2.4193
1043	1776692381.563	0.0135	0.2276	2.4211
1044	1776692381.601	0.0133	0.228	2.4208
1045	1776692381.626	0.0175	0.2266	2.4227
1046	1776692381.658	0.0161	0.2269	2.4236
1047	1776692381.689	0.0159	0.2269	2.4224
1048	1776692381.721	0.0157	0.227	2.4228
1049	1776692381.753	0.0164	0.2271	2.4235
1050	1776692381.784	0.0158	0.2274	2.4225
1051	1776692381.799	0.0149	0.2269	2.4211
1052	1776692381.831	0.0137	0.2272	2.4216
1053	1776692381.862	0.015	0.227	2.4237
1054	1776692381.894	0.0154	0.2273	2.4219
1055	1776692381.926	0.0141	0.2267	2.422
1056	1776692381.942	0.0144	0.2282	2.4231
1057	1776692381.99	0.0158	0.2271	2.4213
1058	1776692382.005	0.0173	0.2262	2.422
1059	1776692382.053	0.0156	0.2271	2.419
1060	1776692382.085	0.0148	0.2274	2.4195
1061	1776692382.102	0.0154	0.227	2.4188
1062	1776692382.132	0.0158	0.226	2.4206
1063	1776692382.165	0.0155	0.2264	2.42
1064	1776692382.194	0.0165	0.226	2.4214
1065	1776692382.226	0.019	0.2252	2.4229
1066	1776692382.257	0.0154	0.2253	2.422
1067	1776692382.288	0.0158	0.225	2.423
1068	1776692382.304	0.0189	0.2254	2.4246
1069	1776692382.335	0.0191	0.2241	2.431
1070	1776692382.373	0.0164	0.2251	2.4234
1071	1776692382.398	0.0177	0.2257	2.4228
1072	1776692382.43	0.0148	0.2249	2.4213
1073	1776692382.461	0.0116	0.2248	2.4198
1074	1776692382.48	0.0141	0.2249	2.4211
1075	1776692382.508	0.0146	0.2245	2.4253
1076	1776692382.54	0.0122	0.2245	2.4219
1077	1776692382.571	0.0123	0.225	2.4213
1078	1776692382.603	0.0099	0.2258	2.4188
1079	1776692382.634	0.0079	0.2254	2.4252
1080	1776692382.666	0.0064	0.2263	2.4192
1081	1776692382.699	0.0063	0.2255	2.4189
1082	1776692382.728	0.0042	0.2254	2.4233
1083	1776692382.76	0.0019	0.2243	2.4277
1084	1776692382.791	-0.0014	0.2247	2.4335
1085	1776692382.833	-0.0079	0.225	2.4338
1086	1776692382.886	-0.0131	0.2261	2.433
1087	1776692382.933	-0.0193	0.2266	2.4271
1088	1776692382.965	-0.0259	0.2264	2.4218
1089	1776692383.012	-0.0294	0.2262	2.4311
1090	1776692383.044	-0.0334	0.2238	2.4359
1091	1776692383.082	-0.0423	0.2238	2.4455
1092	1776692383.122	-0.0467	0.2234	2.44
1093	1776692383.17	-0.0543	0.2244	2.4351
1094	1776692383.201	-0.0616	0.2262	2.435
1095	1776692383.233	-0.0694	0.2261	2.436
1096	1776692383.264	-0.0808	0.2244	2.4324
1097	1776692383.312	-0.0874	0.2246	2.4347
1098	1776692383.344	-0.0893	0.2248	2.4349
1099	1776692383.391	-0.094	0.2259	2.4388
1100	1776692383.438	-0.1017	0.2247	2.4383
1101	1776692383.483	-0.1066	0.2258	2.4378
1102	1776692383.518	-0.1099	0.2257	2.4421
1103	1776692383.566	-0.1147	0.2253	2.4304
1104	1776692383.613	-0.1214	0.2258	2.4359
1105	1776692383.661	-0.1274	0.2252	2.4386
1106	1776692383.692	-0.1321	0.2262	2.4357
1107	1776692383.74	-0.1361	0.2258	2.44
1108	1776692383.771	-0.1476	0.2262	2.4362
1109	1776692383.803	-0.154	0.2255	2.4394
1110	1776692383.85	-0.1629	0.2267	2.4275
1111	1776692383.883	-0.1706	0.2257	2.4351
1112	1776692383.914	-0.1765	0.2253	2.4362
1113	1776692383.945	-0.1807	0.2263	2.4286
1114	1776692383.983	-0.1835	0.2252	2.4363
1115	1776692384.024	-0.1928	0.2242	2.4353
1116	1776692384.055	-0.1945	0.2265	2.4346
1117	1776692384.087	-0.2054	0.2262	2.4277
1118	1776692384.118	-0.2127	0.227	2.4238
1119	1776692384.183	-0.2198	0.2267	2.4227
1120	1776692384.213	-0.2232	0.2263	2.4242
1121	1776692384.245	-0.2312	0.2263	2.4306
1122	1776692384.283	-0.2364	0.2262	2.4242
1123	1776692384.324	-0.2497	0.2255	2.4328
1124	1776692384.387	-0.2656	0.2265	2.4204
1125	1776692384.434	-0.2738	0.2262	2.4141
1126	1776692384.466	-0.2813	0.2255	2.4172
1127	1776692384.498	-0.2858	0.2264	2.4039
1128	1776692384.529	-0.2935	0.2282	2.4032
1129	1776692384.561	-0.3039	0.2289	2.4031
1130	1776692384.583	-0.3087	0.2295	2.3977
1131	1776692384.608	-0.316	0.2281	2.4001
1132	1776692384.639	-0.3253	0.2274	2.4066
1133	1776692384.671	-0.3285	0.2274	2.3993
1134	1776692384.702	-0.3365	0.2261	2.4076
1135	1776692384.734	-0.3422	0.2268	2.387
1136	1776692384.765	-0.353	0.228	2.3752
1137	1776692384.801	-0.3579	0.2289	2.3714
1138	1776692384.829	-0.3637	0.2277	2.3832
1139	1776692384.845	-0.3709	0.2274	2.3814
1140	1776692384.884	-0.3854	0.2262	2.4037
1141	1776692384.907	-0.3908	0.2283	2.3758
1142	1776692384.955	-0.3924	0.2293	2.3661
1143	1776692385.002	-0.3957	0.2278	2.363
1144	1776692385.018	-0.3976	0.2282	2.3528
1145	1776692385.049	-0.4035	0.2286	2.3541
1146	1776692385.084	-0.4138	0.2257	2.3865
1147	1776692385.112	-0.4223	0.2261	2.388
1148	1776692385.144	-0.4285	0.2265	2.3835
1149	1776692385.175	-0.4331	0.2261	2.3794
1150	1776692385.206	-0.436	0.226	2.3783
1151	1776692385.238	-0.4383	0.2259	2.3758
1152	1776692385.254	-0.4412	0.2267	2.3718
1153	1776692385.285	-0.4433	0.227	2.3683
1154	1776692385.317	-0.4475	0.2268	2.3647
1155	1776692385.348	-0.4496	0.2264	2.3657
1156	1776692385.396	-0.4525	0.2268	2.3631
1157	1776692385.412	-0.4551	0.2267	2.3604
1158	1776692385.443	-0.46	0.2259	2.3573
1159	1776692385.474	-0.4603	0.2269	2.3568
1160	1776692385.506	-0.4619	0.2268	2.3563
1161	1776692385.554	-0.4637	0.2265	2.3565
1162	1776692385.585	-0.4653	0.2265	2.3554
1163	1776692385.616	-0.4659	0.227	2.3535
1164	1776692385.632	-0.4675	0.2271	2.3528
1165	1776692385.664	-0.4701	0.2271	2.3503
1166	1776692385.695	-0.4687	0.2269	2.3517
1167	1776692385.727	-0.4696	0.2268	2.3513
1168	1776692385.758	-0.4681	0.2271	2.3495
1169	1776692385.79	-0.4679	0.2268	2.3514
1170	1776692385.821	-0.468	0.227	2.3505
1171	1776692385.853	-0.4679	0.2263	2.3506
1172	1776692385.885	-0.4682	0.2267	2.3506
1173	1776692385.916	-0.4699	0.2269	2.3506
1174	1776692385.964	-0.469	0.2265	2.3512
1175	1776692385.985	-0.4691	0.2263	2.35
1176	1776692386.011	-0.4694	0.2264	2.3501
1177	1776692386.043	-0.4689	0.2266	2.3524
1178	1776692386.074	-0.469	0.2268	2.3502
1179	1776692386.138	-0.4682	0.2271	2.3517
1180	1776692386.185	-0.4688	0.2264	2.3521
1181	1776692386.232	-0.4695	0.226	2.3512
1182	1776692386.264	-0.4683	0.2259	2.3512
1183	1776692386.295	-0.4677	0.2265	2.3515
1184	1776692386.327	-0.4679	0.2266	2.3517
1185	1776692386.358	-0.4688	0.2259	2.3525
1186	1776692386.385	-0.4694	0.2266	2.3497
1187	1776692386.407	-0.4694	0.2261	2.3514
1188	1776692386.439	-0.4682	0.2266	2.3501
1189	1776692386.47	-0.4689	0.227	2.351
1190	1776692386.502	-0.4697	0.2265	2.3512
1191	1776692386.518	-0.4688	0.2265	2.3504
1192	1776692386.549	-0.468	0.2268	2.3516
1193	1776692386.585	-0.4675	0.2269	2.3498
1194	1776692386.612	-0.4676	0.2264	2.3516
1195	1776692386.644	-0.4683	0.2264	2.3493
1196	1776692386.675	-0.4675	0.2265	2.3484
1197	1776692386.707	-0.4674	0.227	2.3458
1198	1776692386.739	-0.467	0.2267	2.3472
1199	1776692386.77	-0.467	0.227	2.3485
1200	1776692386.801	-0.4672	0.2266	2.349
1201	1776692386.821	-0.4674	0.2266	2.3481
1202	1776692386.849	-0.4673	0.2272	2.3473
1203	1776692386.896	-0.4671	0.2269	2.3473
1204	1776692386.927	-0.4677	0.2269	2.3465
1205	1776692386.959	-0.4675	0.2268	2.3484
1206	1776692386.986	-0.468	0.2269	2.3468
1207	1776692387.006	-0.4674	0.2268	2.3501
1208	1776692387.037	-0.4669	0.227	2.3502
1209	1776692387.069	-0.4678	0.2266	2.3498
1210	1776692387.1	-0.4671	0.2266	2.3514
1211	1776692387.132	-0.4651	0.2273	2.3444
1212	1776692387.163	-0.4667	0.2263	2.3504
1213	1776692387.195	-0.4613	0.2284	2.3283
1214	1776692387.226	-0.4593	0.2294	2.3139
1215	1776692387.242	-0.4608	0.2289	2.3165
1216	1776692387.286	-0.4587	0.2292	2.3095
1217	1776692387.305	-0.462	0.2284	2.3258
1218	1776692387.352	-0.4608	0.2293	2.3159
1219	1776692387.368	-0.4671	0.2265	2.3492
1220	1776692387.4	-0.4669	0.2261	2.351
1221	1776692387.448	-0.4658	0.2261	2.3497
1222	1776692387.479	-0.4632	0.2276	2.3312
1223	1776692387.511	-0.4682	0.2262	2.3474
1224	1776692387.542	-0.4673	0.2273	2.3464
1225	1776692387.558	-0.4616	0.2287	2.3251
1226	1776692387.606	-0.4664	0.2261	2.3456
1227	1776692387.637	-0.4675	0.2271	2.3488
1228	1776692387.668	-0.4631	0.2285	2.3236
1229	1776692387.686	-0.4613	0.2286	2.3247
1230	1776692387.716	-0.4601	0.2295	2.3125
1231	1776692387.748	-0.4593	0.2293	2.3147
1232	1776692387.786	-0.4581	0.2299	2.3043
1233	1776692387.81	-0.4663	0.227	2.348
1234	1776692387.843	-0.4664	0.2262	2.3476
1235	1776692387.874	-0.4667	0.2262	2.352
1236	1776692387.891	-0.4665	0.2257	2.3529
1237	1776692387.922	-0.4667	0.2287	2.3484
1238	1776692387.954	-0.4673	0.2271	2.3486
1239	1776692387.986	-0.4679	0.227	2.3487
1240	1776692388.017	-0.4686	0.2264	2.3483
1241	1776692388.049	-0.4676	0.2266	2.3469
1242	1776692388.064	-0.4676	0.2266	2.3458
1243	1776692388.096	-0.4674	0.2261	2.351
1244	1776692388.127	-0.4674	0.2265	2.3474
1245	1776692388.159	-0.4669	0.2264	2.3506
1246	1776692388.19	-0.4676	0.2265	2.3497
1247	1776692388.206	-0.4682	0.2263	2.3497
1248	1776692388.237	-0.4683	0.2265	2.3496
1249	1776692388.269	-0.4679	0.2269	2.3506
1250	1776692388.301	-0.467	0.2329	2.3486
1251	1776692388.332	-0.4675	0.2313	2.3493
1252	1776692388.364	-0.4667	0.2296	2.3499
1253	1776692388.387	-0.467	0.2297	2.35
1254	1776692388.411	-0.4671	0.232	2.3496
1255	1776692388.458	-0.4668	0.2293	2.3511
1256	1776692388.489	-0.4663	0.2297	2.351
1257	1776692388.521	-0.4668	0.2279	2.3513
1258	1776692388.537	-0.4661	0.2263	2.3517
1259	1776692388.568	-0.4658	0.2278	2.3514
1260	1776692388.6	-0.4666	0.2271	2.352
1261	1776692388.632	-0.4683	0.2265	2.3515
1262	1776692388.663	-0.4673	0.2266	2.3517
1263	1776692388.687	-0.4676	0.2263	2.3518
1264	1776692388.71	-0.468	0.2269	2.3514
1265	1776692388.742	-0.4679	0.2271	2.3512
1266	1776692388.773	-0.4691	0.2273	2.351
1267	1776692388.805	-0.4683	0.2263	2.3509
1268	1776692388.852	-0.4679	0.2265	2.3508
1269	1776692388.888	-0.4682	0.2264	2.3509
1270	1776692388.916	-0.4683	0.2265	2.3504
1271	1776692388.931	-0.4677	0.2262	2.3522
1272	1776692388.963	-0.4672	0.2263	2.3514
1273	1776692388.995	-0.4667	0.2272	2.3518
1274	1776692389.042	-0.4671	0.2267	2.3525
1275	1776692389.074	-0.4681	0.2258	2.3537
1276	1776692389.105	-0.4672	0.2256	2.3534
1277	1776692389.137	-0.4674	0.2258	2.3519
1278	1776692389.168	-0.4672	0.2253	2.3527
1279	1776692389.2	-0.4666	0.2256	2.3518
1280	1776692389.216	-0.4681	0.2258	2.3534
1281	1776692389.248	-0.4676	0.2259	2.3526
1282	1776692389.28	-0.4665	0.2263	2.3521
1283	1776692389.311	-0.4663	0.2264	2.3524
1284	1776692389.342	-0.4663	0.2265	2.354
1285	1776692389.374	-0.4676	0.2268	2.3519
1286	1776692389.406	-0.4679	0.2256	2.3539
1287	1776692389.437	-0.4669	0.2253	2.351
1288	1776692389.469	-0.4676	0.2261	2.3502
1289	1776692389.5	-0.4678	0.2263	2.3505
1290	1776692389.532	-0.468	0.2257	2.3526
1291	1776692389.564	-0.468	0.2267	2.3501
1292	1776692389.596	-0.468	0.2263	2.351
1293	1776692389.627	-0.467	0.2263	2.3515
1294	1776692389.659	-0.4679	0.2267	2.3508
1295	1776692389.69	-0.467	0.227	2.3494
1296	1776692389.722	-0.467	0.2265	2.3511
1297	1776692389.769	-0.4684	0.2262	2.3513
1298	1776692389.816	-0.4684	0.2256	2.353
1299	1776692389.85	-0.4675	0.2257	2.3532
1300	1776692389.895	-0.4681	0.2258	2.3511
1301	1776692389.911	-0.4684	0.2259	2.3507
1302	1776692389.942	-0.4686	0.2268	2.3503
1303	1776692389.974	-0.468	0.2269	2.3513
1304	1776692390.022	-0.4685	0.2262	2.3517
1305	1776692390.053	-0.4679	0.2266	2.352
1306	1776692390.101	-0.4683	0.2266	2.3518
1307	1776692390.132	-0.468	0.2264	2.3522
1308	1776692390.164	-0.4679	0.2268	2.3509
1309	1776692390.195	-0.4683	0.2269	2.3508
1310	1776692390.211	-0.4678	0.2265	2.3487
1311	1776692390.243	-0.4681	0.2274	2.3495
1312	1776692390.274	-0.4676	0.2264	2.3509
1313	1776692390.306	-0.4686	0.2266	2.3507
1314	1776692390.337	-0.4683	0.2265	2.3505
1315	1776692390.353	-0.4684	0.2268	2.3503
1316	1776692390.4	-0.4674	0.2271	2.3494
1317	1776692390.432	-0.4683	0.2268	2.3507
1318	1776692390.463	-0.469	0.2277	2.3502
1319	1776692390.495	-0.469	0.2274	2.3503
1320	1776692390.526	-0.4691	0.2265	2.3524
1321	1776692390.558	-0.4668	0.2266	2.3531
1322	1776692390.59	-0.4673	0.2273	2.3497
1323	1776692390.621	-0.4686	0.2262	2.3519
1324	1776692390.652	-0.4676	0.2266	2.3513
1325	1776692390.668	-0.4686	0.2266	2.3522
1326	1776692390.7	-0.4682	0.2272	2.3513
1327	1776692390.731	-0.4684	0.2264	2.3493
1328	1776692390.763	-0.4685	0.2267	2.3507
1329	1776692390.795	-0.468	0.2268	2.3523
1330	1776692390.826	-0.4673	0.2265	2.3526
1331	1776692390.858	-0.4677	0.2259	2.3507
1332	1776692390.89	-0.4678	0.2264	2.3506
1333	1776692390.921	-0.4695	0.226	2.3527
1334	1776692390.937	-0.4681	0.2266	2.351
1335	1776692390.968	-0.4673	0.2265	2.3482
1336	1776692391.0	-0.4682	0.2263	2.3502
1337	1776692391.032	-0.4674	0.2266	2.3517
1338	1776692391.063	-0.4675	0.2264	2.3502
1339	1776692391.095	-0.4689	0.2263	2.3506
1340	1776692391.126	-0.4681	0.2265	2.3479
1341	1776692391.158	-0.4687	0.2263	2.3522
1342	1776692391.19	-0.4671	0.2262	2.3492
1343	1776692391.205	-0.4672	0.2262	2.3472
1344	1776692391.237	-0.468	0.226	2.353
1345	1776692391.268	-0.4683	0.2261	2.353
1346	1776692391.3	-0.4675	0.2262	2.3515
1347	1776692391.331	-0.4678	0.2265	2.3513
1348	1776692391.365	-0.4684	0.2269	2.3481
1349	1776692391.397	-0.469	0.2273	2.3505
1350	1776692391.423	-0.4697	0.2274	2.3494
1351	1776692391.454	-0.4691	0.227	2.3498
1352	1776692391.47	-0.4688	0.2269	2.3506
1353	1776692391.502	-0.4689	0.2267	2.3502
1354	1776692391.533	-0.4685	0.2269	2.3503
1355	1776692391.564	-0.4688	0.2268	2.35
1356	1776692391.597	-0.4694	0.2268	2.3496
1357	1776692391.628	-0.4689	0.226	2.3499
1358	1776692391.644	-0.4689	0.2263	2.3518
1359	1776692391.675	-0.4687	0.2265	2.3509
1360	1776692391.707	-0.4694	0.2262	2.3526
1361	1776692391.738	-0.4696	0.2265	2.351
1362	1776692391.773	-0.469	0.2265	2.3514
1363	1776692391.805	-0.4686	0.226	2.3508
1364	1776692391.832	-0.4687	0.2265	2.3521
1365	1776692391.864	-0.4686	0.2263	2.3509
1366	1776692391.892	-0.469	0.2266	2.3505
1367	1776692391.911	-0.4682	0.227	2.3512
1368	1776692391.943	-0.4691	0.2267	2.3517
1369	1776692391.974	-0.4684	0.2264	2.3515
1370	1776692392.006	-0.469	0.2266	2.3515
1371	1776692392.037	-0.4702	0.227	2.3511
1372	1776692392.069	-0.4715	0.2271	2.3482
1373	1776692392.092	-0.471	0.2268	2.3482
1374	1776692392.116	-0.4725	0.2264	2.3476
1375	1776692392.148	-0.4747	0.2265	2.345
1376	1776692392.179	-0.4763	0.2264	2.343
1377	1776692392.21	-0.4766	0.2262	2.3428
1378	1776692392.242	-0.4803	0.226	2.3399
1379	1776692392.274	-0.481	0.2261	2.3376
1380	1776692392.292	-0.4875	0.2277	2.3328
1381	1776692392.322	-0.4914	0.2264	2.3344
1382	1776692392.353	-0.4912	0.2266	2.3291
1383	1776692392.393	-0.4969	0.227	2.3231
1384	1776692392.416	-0.5061	0.228	2.3148
1385	1776692392.447	-0.5115	0.2283	2.3105
1386	1776692392.481	-0.5162	0.2283	2.3067
1387	1776692392.511	-0.5227	0.2273	2.3009
1388	1776692392.542	-0.5303	0.2272	2.294
1389	1776692392.558	-0.5377	0.2279	2.2851
1390	1776692392.593	-0.5465	0.227	2.2797
1391	1776692392.62	-0.5508	0.2266	2.2773
1392	1776692392.652	-0.5597	0.2267	2.2693
1393	1776692392.683	-0.5631	0.2261	2.2622
1394	1776692392.714	-0.5745	0.2264	2.2523
1395	1776692392.745	-0.583	0.227	2.2426
1396	1776692392.777	-0.5903	0.2269	2.2356
1397	1776692392.793	-0.6008	0.2269	2.2392
1398	1776692392.824	-0.6063	0.2276	2.2217
1399	1776692392.855	-0.6089	0.2269	2.2193
1400	1776692392.887	-0.6174	0.2264	2.2118
1401	1776692392.903	-0.6214	0.2265	2.2016
1402	1776692392.934	-0.6279	0.2247	2.1935
1403	1776692392.982	-0.6345	0.2233	2.1844
1404	1776692393.008	-0.6416	0.2229	2.1782
1405	1776692393.029	-0.6477	0.2223	2.1727
1406	1776692393.06	-0.6558	0.2231	2.1604
1407	1776692393.094	-0.6612	0.2236	2.1572
1408	1776692393.124	-0.6677	0.2239	2.1513
1409	1776692393.168	-0.6805	0.2239	2.1428
1410	1776692393.194	-0.6833	0.2224	2.1354
1411	1776692393.219	-0.6813	0.2216	2.1302
1412	1776692393.25	-0.688	0.2207	2.1242
1413	1776692393.281	-0.694	0.2216	2.1176
1414	1776692393.313	-0.6977	0.2211	2.1154
1415	1776692393.344	-0.7001	0.2202	2.1049
1416	1776692393.375	-0.7061	0.2197	2.0981
1417	1776692393.394	-0.7133	0.2203	2.0939
1418	1776692393.423	-0.7145	0.2192	2.0876
1419	1776692393.455	-0.718	0.2185	2.0813
1420	1776692393.494	-0.7192	0.2186	2.0738
1421	1776692393.517	-0.724	0.2189	2.0654
1422	1776692393.549	-0.7253	0.2189	2.0638
1423	1776692393.581	-0.7341	0.2197	2.0583
1424	1776692393.612	-0.7398	0.2198	2.0449
1425	1776692393.643	-0.7422	0.2179	2.0455
1426	1776692393.675	-0.7415	0.2177	2.0417
1427	1776692393.707	-0.7433	0.2166	2.0376
1428	1776692393.738	-0.7468	0.2156	2.033
1429	1776692393.755	-0.7469	0.2161	2.0273
1430	1776692393.802	-0.7496	0.217	2.0199
1431	1776692393.818	-0.7516	0.2167	2.0166
1432	1776692393.849	-0.7558	0.2161	2.0116
1433	1776692393.881	-0.7579	0.2174	2.0072
1434	1776692393.912	-0.7586	0.2173	2.0037
1435	1776692393.944	-0.7628	0.2171	1.9982
1436	1776692393.975	-0.7656	0.2176	1.9918
1437	1776692394.004	-0.7646	0.2169	1.9871
1438	1776692394.023	-0.7619	0.2159	1.9865
1439	1776692394.054	-0.7702	0.2175	1.9777
1440	1776692394.095	-0.7669	0.2172	1.9793
1441	1776692394.118	-0.769	0.2169	1.9767
1442	1776692394.153	-0.7762	0.2185	1.9668
1443	1776692394.181	-0.7746	0.2182	1.9644
1444	1776692394.212	-0.7801	0.2188	1.9562
1445	1776692394.244	-0.7847	0.2187	1.9495
1446	1776692394.276	-0.7862	0.2182	1.9456
1447	1776692394.295	-0.7833	0.218	1.9439
1448	1776692394.323	-0.7877	0.2183	1.9369
1449	1776692394.355	-0.7899	0.2174	1.9321
1450	1776692394.386	-0.7946	0.2197	1.9249
1451	1776692394.418	-0.7936	0.2191	1.9249
1452	1776692394.434	-0.795	0.2186	1.9249
1453	1776692394.466	-0.7932	0.2195	1.9271
1454	1776692394.5	-0.7935	0.219	1.9269
1455	1776692394.528	-0.7953	0.2187	1.9261
1456	1776692394.559	-0.795	0.2191	1.9271
1457	1776692394.595	-0.7945	0.2191	1.9262
1458	1776692394.622	-0.7949	0.2187	1.9267
1459	1776692394.656	-0.7977	0.219	1.925
1460	1776692394.67	-0.7941	0.2189	1.9269
1461	1776692394.717	-0.7945	0.2191	1.9263
1462	1776692394.749	-0.796	0.2191	1.9257
1463	1776692394.78	-0.7934	0.2193	1.9269
1464	1776692394.796	-0.7931	0.2193	1.9265
1465	1776692394.827	-0.7935	0.2182	1.927
1466	1776692394.858	-0.7925	0.2179	1.928
1467	1776692394.889	-0.7944	0.2181	1.9267
1468	1776692394.923	-0.7956	0.2187	1.9262
1469	1776692394.953	-0.7966	0.2191	1.9249
1470	1776692394.984	-0.7957	0.2189	1.9261
1471	1776692395.016	-0.796	0.2186	1.926
1472	1776692395.047	-0.7968	0.2197	1.9249
1473	1776692395.063	-0.7979	0.2195	1.9255
1474	1776692395.096	-0.7944	0.2188	1.9275
1475	1776692395.126	-0.7944	0.2193	1.9268
1476	1776692395.158	-0.7931	0.2189	1.9273
1477	1776692395.189	-0.7958	0.218	1.9255
1478	1776692395.221	-0.7916	0.2184	1.9263
1479	1776692395.253	-0.7949	0.2184	1.9261
1480	1776692395.284	-0.7932	0.2187	1.9268
1481	1776692395.3	-0.7933	0.2183	1.9271
1482	1776692395.331	-0.7926	0.2182	1.928
1483	1776692395.362	-0.793	0.2181	1.9274
1484	1776692395.396	-0.7934	0.2184	1.9274
1485	1776692395.426	-0.7917	0.2176	1.9285
1486	1776692395.458	-0.7941	0.2177	1.9278
1487	1776692395.489	-0.7966	0.2192	1.9265
1488	1776692395.505	-0.7944	0.2184	1.9271
1489	1776692395.536	-0.795	0.2186	1.9253
1490	1776692395.568	-0.7933	0.2189	1.9268
1491	1776692395.599	-0.7959	0.2189	1.9259
1492	1776692395.633	-0.7936	0.2185	1.9262
1493	1776692395.663	-0.7935	0.2193	1.9261
1494	1776692395.695	-0.7951	0.2191	1.9257
1495	1776692395.721	-0.7929	0.2189	1.9272
1496	1776692395.742	-0.793	0.219	1.9275
1497	1776692395.774	-0.7918	0.2187	1.9268
1498	1776692395.796	-0.7925	0.2187	1.9269
1499	1776692395.838	-0.7933	0.2187	1.9269
1500	1776692395.854	-0.7928	0.2188	1.9276
1501	1776692395.897	-0.7949	0.2187	1.9275
1502	1776692395.92	-0.7943	0.2186	1.9282
1503	1776692395.95	-0.7923	0.2191	1.9295
1504	1776692395.999	-0.793	0.2195	1.9279
1505	1776692396.028	-0.7935	0.2187	1.9277
1506	1776692396.07	-0.7939	0.2188	1.9278
1507	1776692396.097	-0.7931	0.2185	1.9263
1508	1776692396.124	-0.7955	0.2194	1.9266
1509	1776692396.155	-0.7941	0.2186	1.9269
1510	1776692396.185	-0.7943	0.2187	1.9265
1511	1776692396.207	-0.7934	0.2193	1.927
1512	1776692396.234	-0.7945	0.2186	1.9264
1513	1776692396.266	-0.794	0.2194	1.9277
1514	1776692396.297	-0.7934	0.22	1.9279
1515	1776692396.329	-0.7925	0.2194	1.9284
1516	1776692396.346	-0.7939	0.2191	1.9265
1517	1776692396.377	-0.7935	0.2192	1.926
1518	1776692396.408	-0.7937	0.2184	1.9261
1519	1776692396.44	-0.7944	0.2186	1.9259
1520	1776692396.474	-0.7942	0.2184	1.9269
1521	1776692396.506	-0.7956	0.219	1.9254
1522	1776692396.545	-0.7933	0.2191	1.9265
1523	1776692396.567	-0.7926	0.2182	1.9273
1524	1776692396.614	-0.7935	0.2189	1.9252
1525	1776692396.646	-0.7913	0.2179	1.9272
1526	1776692396.677	-0.7926	0.2179	1.9276
1527	1776692396.709	-0.7952	0.2187	1.9251
1528	1776692396.741	-0.7939	0.2191	1.9272
1529	1776692396.769	-0.7924	0.219	1.928
1530	1776692396.8	-0.7945	0.2194	1.9277
1531	1776692396.83	-0.7957	0.2191	1.9263
1532	1776692396.859	-0.7934	0.2182	1.9276
1533	1776692396.883	-0.7944	0.2194	1.9264
1534	1776692396.915	-0.7936	0.2184	1.928
1535	1776692396.932	-0.7915	0.2184	1.9287
1536	1776692396.981	-0.7919	0.2184	1.9286
1537	1776692397.01	-0.7986	0.2201	1.9237
1538	1776692397.026	-0.7982	0.2193	1.9241
1539	1776692397.073	-0.7994	0.2193	1.9238
1540	1776692397.104	-0.7983	0.2197	1.9237
1541	1776692397.136	-0.7956	0.2184	1.9247
1542	1776692397.151	-0.7949	0.2186	1.9258
1543	1776692397.183	-0.799	0.2195	1.9229
1544	1776692397.219	-0.8	0.219	1.9235
1545	1776692397.256	-0.7951	0.2181	1.9254
1546	1776692397.278	-0.7957	0.2183	1.9256
1547	1776692397.309	-0.7964	0.2184	1.9252
1548	1776692397.341	-0.7955	0.2191	1.9264
1549	1776692397.373	-0.797	0.2196	1.9252
1550	1776692397.398	-0.7963	0.2203	1.9252
1551	1776692397.421	-0.7937	0.2193	1.927
1552	1776692397.452	-0.7924	0.2185	1.9273
1553	1776692397.484	-0.7946	0.2187	1.9271
1554	1776692397.516	-0.7951	0.2188	1.926
1555	1776692397.531	-0.7954	0.2195	1.9257
1556	1776692397.563	-0.7937	0.2186	1.9276
1557	1776692397.598	-0.7951	0.2187	1.9265
1558	1776692397.627	-0.7953	0.2195	1.9263
1559	1776692397.659	-0.798	0.2195	1.9243
1560	1776692397.7	-0.7928	0.2188	1.9273
1561	1776692397.729	-0.7942	0.2191	1.926
1562	1776692397.759	-0.7932	0.2194	1.9261
1563	1776692397.786	-0.7942	0.2186	1.9259
1564	1776692397.828	-0.7929	0.2185	1.9273
1565	1776692397.861	-0.7912	0.2182	1.9286
1566	1776692397.881	-0.7911	0.2183	1.9291
1567	1776692397.912	-0.7933	0.2188	1.9275
1568	1776692397.944	-0.7929	0.2191	1.9273
1569	1776692397.989	-0.7925	0.2185	1.9279
1570	1776692398.02	-0.7955	0.2192	1.9261
1571	1776692398.04	-0.7926	0.2186	1.928
1572	1776692398.079	-0.7939	0.2185	1.9265
1573	1776692398.102	-0.795	0.2184	1.9259
1574	1776692398.134	-0.7958	0.219	1.9257
1575	1776692398.166	-0.7935	0.2193	1.9269
1576	1776692398.182	-0.7941	0.2193	1.9268
1577	1776692398.213	-0.7947	0.2191	1.9262
1578	1776692398.245	-0.796	0.2192	1.9256
1579	1776692398.276	-0.796	0.2193	1.9262
1580	1776692398.308	-0.7948	0.2187	1.9265
1581	1776692398.34	-0.7953	0.2194	1.9263
1582	1776692398.371	-0.7954	0.2195	1.9259
1583	1776692398.417	-0.792	0.2189	1.9286
1584	1776692398.445	-0.7952	0.2192	1.9256
1585	1776692398.466	-0.7962	0.2191	1.925
1586	1776692398.507	-0.7935	0.2185	1.9267
1587	1776692398.529	-0.794	0.2193	1.9263
1588	1776692398.561	-0.7932	0.219	1.9275
1589	1776692398.599	-0.795	0.22	1.9265
1590	1776692398.632	-0.7909	0.2195	1.9283
1591	1776692398.655	-0.794	0.2196	1.9264
1592	1776692398.687	-0.7942	0.219	1.926
1593	1776692398.72	-0.7941	0.2185	1.9272
1594	1776692398.735	-0.7951	0.2188	1.9259
1595	1776692398.782	-0.7932	0.2179	1.927
1596	1776692398.801	-0.7924	0.2191	1.9271
1597	1776692398.829	-0.7949	0.218	1.9269
1598	1776692398.865	-0.7941	0.2183	1.927
1599	1776692398.893	-0.7926	0.2185	1.9275
1600	1776692398.923	-0.7934	0.2187	1.9266
1601	1776692398.952	-0.7948	0.2197	1.9256
1602	1776692398.98	-0.7968	0.2194	1.9252
1603	1776692399.008	-0.7961	0.2188	1.9257
1604	1776692399.036	-0.7948	0.2181	1.9271
1605	1776692399.067	-0.7948	0.2188	1.9263
1606	1776692399.103	-0.7971	0.2192	1.9251
1607	1776692399.137	-0.7953	0.2187	1.9269
1608	1776692399.162	-0.793	0.2181	1.9269
1609	1776692399.194	-0.7896	0.2175	1.9287
1610	1776692399.21	-0.7934	0.2182	1.9275
1611	1776692399.242	-0.7947	0.2198	1.9268
1612	1776692399.274	-0.7936	0.2191	1.9265
1613	1776692399.308	-0.7927	0.2191	1.9272
1614	1776692399.337	-0.792	0.2184	1.9271
1615	1776692399.369	-0.7939	0.2194	1.9267
1616	1776692399.384	-0.7951	0.2194	1.9267
1617	1776692399.415	-0.7903	0.2172	1.929
1618	1776692399.453	-0.7927	0.2182	1.929
1619	1776692399.479	-0.796	0.2192	1.9262
1620	1776692399.51	-0.7964	0.2193	1.9258
1621	1776692399.542	-0.7943	0.2188	1.927
1622	1776692399.574	-0.7981	0.2193	1.9256
1623	1776692399.604	-0.7921	0.2186	1.928
1624	1776692399.632	-0.7926	0.2188	1.9271
1625	1776692399.653	-0.7935	0.2193	1.9274
1626	1776692399.685	-0.7936	0.2187	1.9265
1627	1776692399.716	-0.7947	0.2185	1.9266
1628	1776692399.732	-0.7985	0.22	1.9246
1629	1776692399.763	-0.7956	0.2189	1.9259
1630	1776692399.811	-0.7955	0.219	1.9257
1631	1776692399.843	-0.7953	0.2195	1.926
1632	1776692399.875	-0.794	0.2192	1.9275
1633	1776692399.906	-0.7939	0.2194	1.9273
